ssh.anz.mcd.switchboardcms.com                          anz.mcd
ssh.jp.mcd.switchboardcms.com                           jp.mcd
ssh.sg.mcd.switchboardcms.com                           sg.mcd
ssh.au.hungryjacks.switchboardcms.com                   au.hungryjacks
ssh.gt.mcd.switchboardcms.com                           gt.mcd
ssh.riyadh.sa.mcd.switchboardcms.com                    riyadh.sa.mcd
ssh.au.subway.switchboardcms.com                        au.subway
ssh.au.bp.switchboardcms.com                            au.bp
ssh.au.krispykreme.switchboardcms.com                   au.krispykreme
ssh.us.mcd.switchboardcms.com                           us.mcd
ssh.py.mcd.switchboardcms.com                           py.mcd
ssh.uk.merlin.switchboardcms.com                        uk.merlin
ssh.sv.mcd.switchboardcms.com                           sv.mcd
ssh.riyadh.subway.switchboardcms.com                    riyadh.subway
ssh.au.carlsjr.switchboardcms.com                       au.carlsjr
ssh.mo.mcd.switchboardcms.com                           mo.mcd
ssh.hn.mcd.switchboardcms.com                           hn.mcd
ssh.ni.mcd.switchboardcms.com                           ni.mcd
ssh.au.merlin.switchboardcms.com                        au.merlin
ssh.fr.mcd.switchboardcms.com                           fr.mcd
ssh.au.tacobell.switchboardcms.com                      au.tacobell
ssh.pf.mcd.switchboardcms.com                           pf.mcd
ssh.fj.mcd.switchboardcms.com                           fj.mcd
ssh.nl.mcd.switchboardcms.com                           nl.mcd
ssh.om.subway.switchboardcms.com                        om.subway
ssh.au.tarongazoo.switchboardcms.com                    au.tarongazoo
ssh.kw.subway.switchboardcms.com                        kw.subway
ssh.jp.legoland.switchboardcms.com                      jp.legoland
ssh.sr.mcd.switchboardcms.com                           sr.mcd
ssh.brn.mcd.switchboardcms.com                          brn.mcd
ssh.us.whataburger.switchboardcms.com                   us.whataburger
ssh.sharjah.uae.subway.switchboardcms.com               sharjah.uae.subway
ssh.salalah.om.subway.switchboardcms.com                salalah.om.subway
ssh.abudhabi.uae.subway.switchboardcms.com              abudhabi.uae.subway
ssh.sg.pizzahut.switchboardcms.com                      sg.pizzahut
ssh.ca.cfa.switchboardcms.com                           ca.cfa
ssh.ca.mcd.switchboardcms.com                           ca.mcd
ssh.us.scnbnc.switchboardcms.com                        us.scnbnc
ssh.us.cfa.switchboardcms.com                           us.cfa
ssh.lc.kfc.switchboardcms.com                           lc.kfc
ssh.sg.toysrus.switchboardcms.com                       sg.toysrus
ssh.us.legoland.switchboardcms.com                      us.legoland
ssh.uae-subway.switchboardcms.com                       uae-subway
ssh.pl.mcd.switchboardcms.com     pl.mcd
ssh.at.mcd.switchboardcms.com     at.mcd
ssh.it.mcd.switchboardcms.com     it.mcd
ssh.be.mcd.switchboardcms.com     be.mcd
ssh.cz.mcd.switchboardcms.com     cz.mcd
