ssh.anz.mcd.switchboardcms.com                  anz.mcd                                    nz.mcd
ssh.anz.mcd.switchboardcms.com                  anz.mcd                                    au.mcd
ssh.jp.mcd.switchboardcms.com                   jp.mcd                                    jp.mcd
ssh.sg.mcd.switchboardcms.com                   sg.mcd                                    sg.mcd
ssh.au.hungryjacks.switchboardcms.com           au.hungryjacks                            au.hungryjacks
ssh.gt.mcd.switchboardcms.com                   gt.mcd                                    gt.mcd
ssh.riyadh.sa.mcd.switchboardcms.com            riyadh.sa.mcd                             riyadh.sa.mcd
ssh.au.subway.switchboardcms.com                au.subway                                 au.subway
ssh.au.bp.switchboardcms.com                    au.bp                                     au.bp
ssh.au.krispykreme.switchboardcms.com           au.krispykreme                            au.krispykreme
ssh.us.mcd.switchboardcms.com                   us.mcd                                    us.mcd
ssh.py.mcd.switchboardcms.com                   py.mcd                                    py.mcd
ssh.uk.merlin.switchboardcms.com                uk.merlin                                 uk.merlin
ssh.sv.mcd.switchboardcms.com                   sv.mcd                                    sv.mcd
ssh.riyadh.subway.switchboardcms.com            riyadh.subway                             riyadh.subway
ssh.au.carlsjr.switchboardcms.com               au.carlsjr                                au.carlsjr
ssh.mo.mcd.switchboardcms.com                   mo.mcd                                    mo.mcd
ssh.hn.mcd.switchboardcms.com                   hn.mcd                                    hn.mcd
ssh.ni.mcd.switchboardcms.com                   ni.mcd                                    ni.mcd
ssh.au.merlin.switchboardcms.com                au.merlin                                 au.merlin
ssh.fr.mcd.switchboardcms.com                   fr.mcd                                    fr.mcd
ssh.au.tacobell.switchboardcms.com              au.tacobell                               au.tacobell
ssh.pf.mcd.switchboardcms.com                   pf.mcd                                    pf.mcd
ssh.fj.mcd.switchboardcms.com                   fj.mcd                                    fj.mcd
ssh.nl.mcd.switchboardcms.com                   nl.mcd                                    nl.mcd
ssh.om.subway.switchboardcms.com                om.subway                                 om.subway
ssh.au.tarongazoo.switchboardcms.com            au.tarongazoo                             au.tarongazoo
ssh.kw.subway.switchboardcms.com                kw.subway                                 kw.subway
ssh.jp.legoland.switchboardcms.com              jp.legoland                               jp.legoland
ssh.sr.mcd.switchboardcms.com                   sr.mcd                                    sr.mcd
ssh.brn.mcd.switchboardcms.com                  brn.mcd                                   brn.mcd
ssh.us.whataburger.switchboardcms.com           us.whataburger                            us.whataburger
ssh.sharjah.uae.subway.switchboardcms.com       sharjah.uae.subway                        sharjah.uae.subway
ssh.salalah.om.subway.switchboardcms.com        salalah.om.subway                         salalah.om.subway
ssh.abudhabi.uae.subway.switchboardcms.com      abudhabi.uae.subway                       abudhabi.uae.subway
ssh.sg.pizzahut.switchboardcms.com              sg.pizzahut                               sg.pizzahut
ssh.ca.cfa.switchboardcms.com                   ca.cfa                                    ca.cfa
ssh.ca.mcd.switchboardcms.com                   ca.mcd                                    ca.mcd
ssh.us.scnbnc.switchboardcms.com                us.scnbnc                                 us.scnbnc
ssh.us.cfa.switchboardcms.com                   us.cfa                                    us.cfa
ssh.lc.kfc.switchboardcms.com                   lc.kfc                                    lc.kfc
ssh.sg.toysrus.switchboardcms.com               sg.toysrus                                sg.toysrus
ssh.us.legoland.switchboardcms.com              us.legoland                               us.legoland
ssh.uae-subway.switchboardcms.com               uae-subway                                uae-subway
ssh.pl.mcd.switchboardcms.com     pl.mcd       pl.mcd
ssh.at.mcd.switchboardcms.com     at.mcd       at.mcd
ssh.it.mcd.switchboardcms.com     it.mcd       it.mcd
ssh.be.mcd.switchboardcms.com     be.mcd       be.mcd
ssh.cz.mcd.switchboardcms.com     cz.mcd       cz.mcd
